{
    "ala": 71.03711,
    "arg": 156.10111,
    "asn": 114.04293,
    "asp": 115.02694,
    "cys": 103.00818,
    "glu": 129.04259,
    "gln": 128.05858,
    "gly": 57.02146,
    "his": 137.05891,
    "ile": 113.08406,
    "leu": 113.08406,
    "lys": 128.09496,
    "met": 131.04049,
    "phe": 147.06841,
    "pro": 97.05276,
    "ser": 87.03203,
    "thr": 101.04768,
    "trp": 186.07931,
    "tyr": 163.06333,
    "val": 99.06841,
    "b-ala": 71.04,
    "b-arg": 156.10111,
    "b-asn": 114.04293,
    "b-asp": 115.02694,
    "b-cys": 103.00919,
    "b-glu": 129.04259,
    "b-gln": 128.05885,
    "b-his": 137.05891,
    "b-ile": 113.08409,
    "b-leu": 113.08408,
    "b-lys": 128.09496,
    "b-met": 131.04049,
    "b-phe": 147.06841,
    "b-pro": 97.05276,
    "b-ser": 87.03203,
    "b-thr": 101.04768,
    "b-trp": 186.07931,
    "b-tyr": 163.06333,
    "b-val": 99.06841,
    "BrAllylGly": 174.96,
    "cit": 157.09,
    "hao": 235.05931,
    "nleu": 113.08406,
    "orn": 114.07932,
    "pheBr": 224.97893,
    "pheI": 272.96506,
    "phe5f": 237.0213,
    "thi": 154.0327,
    "nmeAla": 85.05276,
    "nmeGly": 71.03711,
    "nmeIle": 127.00971,
    "nmenLeu": 127.00971,
    "nmePhe": 161.08406,
    "nmePheI": 286.9087,
    "nmeSer": 100.70775,
    "HaoN15": 236.05931,
    "Ac": 42.01,
    "Acm": 71.04,
    "Boc": 99.98208,
    "Cbz": 134.04,
    "Fmoc": 222.07,
    "Guan": 98.04,
    "NHCH3": 30.03,
    "tBu": 56.06266,
    "Pbf": 252.08,
    "Trt": 242.10946,
    "TFAester": 95.98226,
    "TFA": 113.9929,
    "HO": 18.01056,
    "NH2": 17.02655,
    "Cyclic": 0.0
}
